onset	duration	trial_type	value	sample
0.2	4.0	8	31	50
5.6	4.0	8	31	1400
11	4.0	8	31	2750
16.4	4.0	8	31	4100
21.8	4.0	8.2	32	5450
27.2	4.0	8.2	32	6800
32.6	4.0	8.2	32	8150
38	4.0	8.2	32	9500
43.4	4.0	8.4	33	10850
48.8	4.0	8.4	33	12200
54.2	4.0	8.4	33	13550
59.6	4.0	8.4	33	14900
65	4.0	8.6	34	16250
70.4	4.0	8.6	34	17600
75.8	4.0	8.6	34	18950
81.2	4.0	8.6	34	20300
86.6	4.0	8.8	35	21650
92	4.0	8.8	35	23000
97.4	4.0	8.8	35	24350
102.8	4.0	8.8	35	25700
108.2	4.0	9	36	27050
113.6	4.0	9	36	28400
119	4.0	9	36	29750
124.4	4.0	9	36	31100
129.8	4.0	9.2	37	32450
135.2	4.0	9.2	37	33800
140.6	4.0	9.2	37	35150
146	4.0	9.2	37	36500
151.4	4.0	9.4	38	37850
156.8	4.0	9.4	38	39200
162.2	4.0	9.4	38	40550
167.6	4.0	9.4	38	41900
173	4.0	9.6	39	43250
178.4	4.0	9.6	39	44600
183.8	4.0	9.6	39	45950
189.2	4.0	9.6	39	47300
194.6	4.0	9.8	40	48650
200	4.0	9.8	40	50000
205.4	4.0	9.8	40	51350
210.8	4.0	9.8	40	52700
216.2	4.0	10	1	54050
221.6	4.0	10	1	55400
227	4.0	10	1	56750
232.4	4.0	10	1	58100
237.8	4.0	10.2	2	59450
243.2	4.0	10.2	2	60800
248.6	4.0	10.2	2	62150
254	4.0	10.2	2	63500
259.4	4.0	10.4	3	64850
264.8	4.0	10.4	3	66200
270.2	4.0	10.4	3	67550
275.6	4.0	10.4	3	68900
281	4.0	10.6	4	70250
286.4	4.0	10.6	4	71600
291.8	4.0	10.6	4	72950
297.2	4.0	10.6	4	74300
302.6	4.0	10.8	5	75650
308	4.0	10.8	5	77000
313.4	4.0	10.8	5	78350
318.8	4.0	10.8	5	79700
324.2	4.0	11	6	81050
329.6	4.0	11	6	82400
335	4.0	11	6	83750
340.4	4.0	11	6	85100
345.8	4.0	11.2	7	86450
351.2	4.0	11.2	7	87800
356.6	4.0	11.2	7	89150
362	4.0	11.2	7	90500
367.4	4.0	11.4	8	91850
372.8	4.0	11.4	8	93200
378.2	4.0	11.4	8	94550
383.6	4.0	11.4	8	95900
389	4.0	11.6	9	97250
394.4	4.0	11.6	9	98600
399.8	4.0	11.6	9	99950
405.2	4.0	11.6	9	101300
410.6	4.0	11.8	10	102650
416	4.0	11.8	10	104000
421.4	4.0	11.8	10	105350
426.8	4.0	11.8	10	106700
432.2	4.0	12	11	108050
437.6	4.0	12	11	109400
443	4.0	12	11	110750
448.4	4.0	12	11	112100
453.8	4.0	12.2	12	113450
459.2	4.0	12.2	12	114800
464.6	4.0	12.2	12	116150
470	4.0	12.2	12	117500
475.4	4.0	12.4	13	118850
480.8	4.0	12.4	13	120200
486.2	4.0	12.4	13	121550
491.6	4.0	12.4	13	122900
497	4.0	12.6	14	124250
502.4	4.0	12.6	14	125600
507.8	4.0	12.6	14	126950
513.2	4.0	12.6	14	128300
518.6	4.0	12.8	15	129650
524	4.0	12.8	15	131000
529.4	4.0	12.8	15	132350
534.8	4.0	12.8	15	133700
540.2	4.0	13	16	135050
545.6	4.0	13	16	136400
551	4.0	13	16	137750
556.4	4.0	13	16	139100
561.8	4.0	13.2	17	140450
567.2	4.0	13.2	17	141800
572.6	4.0	13.2	17	143150
578	4.0	13.2	17	144500
583.4	4.0	13.4	18	145850
588.8	4.0	13.4	18	147200
594.2	4.0	13.4	18	148550
599.6	4.0	13.4	18	149900
605	4.0	13.6	19	151250
610.4	4.0	13.6	19	152600
615.8	4.0	13.6	19	153950
621.2	4.0	13.6	19	155300
626.6	4.0	13.8	20	156650
632	4.0	13.8	20	158000
637.4	4.0	13.8	20	159350
642.8	4.0	13.8	20	160700
648.2	4.0	14	21	162050
653.6	4.0	14	21	163400
659	4.0	14	21	164750
664.4	4.0	14	21	166100
669.8	4.0	14.2	22	167450
675.2	4.0	14.2	22	168800
680.6	4.0	14.2	22	170150
686	4.0	14.2	22	171500
691.4	4.0	14.4	23	172850
696.8	4.0	14.4	23	174200
702.2	4.0	14.4	23	175550
707.6	4.0	14.4	23	176900
713	4.0	14.6	24	178250
718.4	4.0	14.6	24	179600
723.8	4.0	14.6	24	180950
729.2	4.0	14.6	24	182300
734.6	4.0	14.8	25	183650
740	4.0	14.8	25	185000
745.4	4.0	14.8	25	186350
750.8	4.0	14.8	25	187700
756.2	4.0	15	26	189050
761.6	4.0	15	26	190400
767	4.0	15	26	191750
772.4	4.0	15	26	193100
777.8	4.0	15.2	27	194450
783.2	4.0	15.2	27	195800
788.6	4.0	15.2	27	197150
794	4.0	15.2	27	198500
799.4	4.0	15.4	28	199850
804.8	4.0	15.4	28	201200
810.2	4.0	15.4	28	202550
815.6	4.0	15.4	28	203900
821	4.0	15.6	29	205250
826.4	4.0	15.6	29	206600
831.8	4.0	15.6	29	207950
837.2	4.0	15.6	29	209300
842.6	4.0	15.8	30	210650
848	4.0	15.8	30	212000
853.4	4.0	15.8	30	213350
858.8	4.0	15.8	30	214700
